100,Syed Atyab,syed.atyab@something.com,TRUE
101,Abdullah,abc@something.com,TRUE
102,Ameer, qwe@something.com,TRUE
103,Noor,asd@something.com,TRUE
104,Wasan,sdf@something.com,TRUE
105,Baraah,rer.wwe@something.com,TRUE
106,Fatima,768uuui@something.com,TRUE
107,Anwaar, hgjghj.ghjgh.ghjghj@something.com,TRUE
108,Najla,bnmb.bnmbmbn.bnmbm@something.com,TRUE
109,Mariam,fgjfbnmghj@something.com,TRUE
110,Malak,ghjgjghj@something.com,TRUE
111,Mohammad Shibli, ghjghj_qwerwqer@something.com,TRUE
112,Mehmood,mehmoodweoiruweioru.asdads_34@something.com,TRUE
